               epoch,      train/box_loss,      train/obj_loss,      train/cls_loss,   metrics/precision,      metrics/recall,     metrics/mAP_0.5,metrics/mAP_0.5:0.95,        val/box_loss,        val/obj_loss,        val/cls_loss,               x/lr0,               x/lr1,               x/lr2
                   0,            0.010039,            0.018409,            0.013343,             0.93067,             0.91363,             0.93239,             0.84905,            0.010957,            0.022885,            0.013778,             0.00149,             0.00149,             0.08659
                   1,             0.01193,            0.019009,            0.012073,             0.93979,             0.91579,             0.94558,             0.85593,            0.011444,            0.021159,            0.010587,             0.00299,             0.00299,             0.07309
                   2,            0.013334,            0.018648,           0.0096932,              0.9524,             0.91882,             0.95662,             0.86865,            0.014697,            0.020435,           0.0075283,             0.00449,             0.00449,             0.05959
                   3,            0.014979,            0.018567,           0.0071138,             0.95255,             0.93796,             0.96354,              0.8685,             0.01406,            0.020161,           0.0069248,             0.00599,             0.00599,             0.04609
                   4,            0.014555,            0.019559,           0.0072402,             0.96165,             0.93775,             0.97292,             0.87052,            0.011933,             0.02004,           0.0062385,           0.0074899,           0.0074899,             0.03259
                   5,            0.015301,            0.018724,            0.006536,             0.96565,             0.94463,             0.97762,               0.856,             0.01313,            0.020068,           0.0052963,           0.0089898,           0.0089898,             0.01909
                   6,            0.015477,            0.019638,            0.005353,             0.96928,             0.95876,             0.98138,             0.80612,            0.017406,            0.021931,            0.004573,           0.0099997,           0.0099997,           0.0099997
                   7,            0.014432,            0.018982,           0.0058711,             0.97585,             0.96212,             0.98619,             0.83375,            0.015463,            0.022954,           0.0036952,           0.0099997,           0.0099997,           0.0099997
                   8,            0.016089,            0.020225,           0.0051706,             0.97552,             0.96298,             0.98751,             0.82318,            0.016702,            0.022714,           0.0034751,           0.0099996,           0.0099996,           0.0099996
                   9,            0.016062,            0.020555,           0.0045684,             0.96909,             0.97139,             0.98891,             0.86146,            0.013112,            0.019117,           0.0032925,           0.0099994,           0.0099994,           0.0099994
                  10,            0.015428,             0.02116,            0.003864,             0.97808,              0.9789,             0.99097,             0.85737,            0.013663,            0.020314,           0.0026787,           0.0099993,           0.0099993,           0.0099993
                  11,            0.014366,            0.020428,           0.0034482,              0.9895,             0.98396,             0.99341,             0.84539,            0.015271,            0.024143,           0.0018592,           0.0099991,           0.0099991,           0.0099991
                  12,            0.014733,             0.01991,           0.0031344,             0.98048,              0.9901,             0.99402,             0.84458,            0.015069,             0.02074,            0.001759,            0.009999,            0.009999,            0.009999
                  13,            0.015113,            0.020395,           0.0032279,              0.9908,             0.99322,             0.99416,             0.85823,            0.014243,            0.019534,           0.0012534,           0.0099988,           0.0099988,           0.0099988
                  14,            0.014236,            0.018092,           0.0034212,             0.98855,             0.99266,              0.9942,             0.86573,            0.013835,            0.019558,           0.0013879,           0.0099985,           0.0099985,           0.0099985
                  15,            0.015501,            0.020495,           0.0043972,             0.97761,             0.98424,             0.99368,             0.87556,            0.012524,            0.019243,           0.0021138,           0.0099983,           0.0099983,           0.0099983
                  16,            0.013895,            0.019236,           0.0041353,             0.98615,             0.98565,             0.99347,             0.86868,            0.012925,            0.019405,           0.0020006,            0.009998,            0.009998,            0.009998
                  17,            0.013611,            0.018963,           0.0040143,             0.98801,             0.99009,             0.99446,              0.8806,            0.013107,            0.018698,           0.0015526,           0.0099978,           0.0099978,           0.0099978
                  18,            0.014394,            0.018583,           0.0026733,             0.99141,             0.99748,             0.99484,             0.90108,            0.010794,            0.017963,          0.00098492,           0.0099975,           0.0099975,           0.0099975
                  19,             0.01373,            0.019509,           0.0035912,             0.99172,             0.99664,             0.99468,             0.89477,            0.011072,            0.017993,           0.0010394,           0.0099972,           0.0099972,           0.0099972
                  20,            0.012841,            0.017688,           0.0028346,             0.98482,              0.9909,             0.99479,             0.90535,            0.010355,            0.016554,           0.0013845,           0.0099969,           0.0099969,           0.0099969
                  21,            0.013729,            0.019593,           0.0026243,             0.99578,              0.9973,              0.9949,             0.89796,            0.011389,            0.017048,          0.00074498,           0.0099965,           0.0099965,           0.0099965
                  22,            0.014369,            0.018908,            0.003342,              0.9952,             0.99022,             0.99444,             0.88212,            0.012085,            0.017783,           0.0010927,           0.0099962,           0.0099962,           0.0099962
                  23,            0.012811,            0.018874,           0.0031563,             0.99638,             0.99691,             0.99488,             0.89676,             0.01118,            0.018203,          0.00076823,           0.0099958,           0.0099958,           0.0099958
                  24,            0.013487,            0.019524,           0.0026077,             0.99414,             0.99383,             0.99477,             0.88284,            0.011766,            0.018156,          0.00089867,           0.0099954,           0.0099954,           0.0099954
                  25,            0.014604,            0.021013,           0.0031994,             0.98698,             0.99269,             0.99468,             0.90139,            0.010745,            0.016936,           0.0011842,            0.009995,            0.009995,            0.009995
                  26,            0.012721,            0.019007,            0.003424,             0.99243,             0.98971,             0.99417,             0.88999,            0.011469,             0.01841,           0.0014033,           0.0099946,           0.0099946,           0.0099946
                  27,            0.015026,            0.020174,           0.0028591,             0.99526,             0.99614,             0.99486,             0.89758,            0.011646,            0.017978,          0.00082159,           0.0099941,           0.0099941,           0.0099941
                  28,            0.013617,            0.018662,           0.0026652,             0.99552,             0.99717,             0.99462,              0.9044,            0.010544,            0.017604,          0.00083178,           0.0099937,           0.0099937,           0.0099937
                  29,            0.012436,            0.019277,           0.0019163,             0.99677,             0.99719,             0.99466,             0.87616,            0.012407,            0.020686,          0.00060666,           0.0099932,           0.0099932,           0.0099932
                  30,            0.013077,            0.018888,           0.0021354,             0.99719,             0.99872,             0.99492,             0.89486,            0.011291,            0.017815,          0.00049656,           0.0099927,           0.0099927,           0.0099927
                  31,            0.013916,            0.019307,           0.0019736,             0.99859,             0.99841,             0.99497,             0.88208,            0.012208,            0.018503,           0.0004374,           0.0099922,           0.0099922,           0.0099922
                  32,             0.01419,            0.020277,           0.0019122,             0.99749,             0.99764,             0.99491,             0.88668,            0.012182,            0.018253,          0.00059631,           0.0099917,           0.0099917,           0.0099917
                  33,            0.012226,            0.017869,            0.001969,             0.99859,             0.99901,             0.99498,             0.90302,            0.010546,            0.017784,          0.00046032,           0.0099911,           0.0099911,           0.0099911
                  34,             0.01296,            0.018095,           0.0021946,             0.99583,             0.99804,             0.99498,             0.90528,            0.011223,            0.017752,          0.00062398,           0.0099906,           0.0099906,           0.0099906
                  35,            0.013411,            0.017776,           0.0022565,              0.9973,             0.99551,             0.99493,             0.89605,            0.011547,            0.018018,          0.00075041,             0.00999,             0.00999,             0.00999
                  36,            0.013457,            0.018439,           0.0020053,             0.98966,             0.99245,              0.9946,             0.86722,            0.013428,            0.018939,           0.0014207,           0.0099894,           0.0099894,           0.0099894
                  37,            0.014709,            0.019601,            0.002515,             0.99553,             0.99997,             0.99499,             0.90105,            0.010159,            0.016698,           0.0006236,           0.0099888,           0.0099888,           0.0099888
                  38,            0.013395,            0.018215,           0.0025044,             0.99624,             0.99859,             0.99496,             0.90569,            0.010739,            0.017217,          0.00064309,           0.0099881,           0.0099881,           0.0099881
                  39,            0.011942,            0.016899,           0.0020974,             0.99571,             0.99581,             0.99475,             0.88592,            0.010979,            0.017809,          0.00084147,           0.0099875,           0.0099875,           0.0099875
                  40,            0.012986,            0.018631,            0.002361,             0.99537,             0.99658,             0.99495,             0.89214,            0.011185,            0.017554,          0.00086352,           0.0099868,           0.0099868,           0.0099868
                  41,            0.014124,            0.019808,             0.00231,             0.99691,             0.99718,             0.99497,             0.90386,            0.010217,            0.016349,          0.00065929,           0.0099861,           0.0099861,           0.0099861
                  42,            0.012556,            0.018393,           0.0017552,             0.99683,             0.99664,              0.9949,             0.89621,            0.011042,            0.017011,          0.00065471,           0.0099854,           0.0099854,           0.0099854
                  43,            0.013097,            0.018285,           0.0022064,             0.99916,             0.99897,               0.995,             0.90114,            0.010698,            0.017089,          0.00045893,           0.0099847,           0.0099847,           0.0099847
                  44,            0.014448,            0.019239,           0.0021563,             0.99851,             0.99916,             0.99499,             0.88402,            0.011901,            0.017728,          0.00055707,            0.009984,            0.009984,            0.009984
                  45,            0.013481,            0.018428,           0.0023031,             0.99677,             0.99886,               0.995,              0.8641,            0.013803,            0.019409,          0.00057484,           0.0099832,           0.0099832,           0.0099832
                  46,            0.013096,            0.018033,           0.0017412,             0.99896,             0.99886,             0.99497,             0.89324,            0.010846,            0.017159,           0.0005046,           0.0099824,           0.0099824,           0.0099824
                  47,            0.014686,            0.019257,           0.0018054,             0.99942,             0.99986,               0.995,             0.88418,            0.012276,            0.018148,          0.00042232,           0.0099817,           0.0099817,           0.0099817
                  48,            0.013391,            0.019413,           0.0019572,             0.99825,                   1,               0.995,             0.88293,            0.012508,            0.018817,          0.00039922,           0.0099809,           0.0099809,           0.0099809
                  49,            0.012807,            0.018066,           0.0020047,             0.99829,             0.99915,               0.995,             0.89854,            0.011844,            0.018418,           0.0004724,             0.00998,             0.00998,             0.00998
                  50,            0.013306,            0.018178,           0.0017697,              0.9997,             0.99916,               0.995,             0.89277,            0.011629,            0.019277,          0.00047228,           0.0099792,           0.0099792,           0.0099792
                  51,            0.013356,            0.018784,           0.0021508,             0.99803,             0.99993,             0.99499,             0.90638,            0.010696,            0.017387,          0.00061221,           0.0099783,           0.0099783,           0.0099783
                  52,            0.011305,            0.016536,           0.0018216,             0.99916,             0.99821,             0.99492,             0.91715,           0.0094376,            0.015468,          0.00061254,           0.0099775,           0.0099775,           0.0099775
                  53,            0.012642,            0.017958,           0.0017415,                   1,             0.99944,               0.995,              0.8995,             0.01047,            0.017302,          0.00045844,           0.0099766,           0.0099766,           0.0099766
                  54,            0.015011,            0.020152,           0.0014745,             0.99972,                   1,               0.995,             0.90823,            0.010632,            0.016418,          0.00041675,           0.0099757,           0.0099757,           0.0099757
                  55,            0.012985,            0.017504,           0.0014001,             0.99889,                   1,               0.995,             0.90169,            0.010797,             0.01643,          0.00039476,           0.0099747,           0.0099747,           0.0099747
                  56,            0.013864,            0.017443,           0.0015214,              0.9998,                   1,               0.995,             0.89066,            0.011965,            0.017747,          0.00033607,           0.0099738,           0.0099738,           0.0099738
                  57,            0.015071,            0.019259,           0.0017703,             0.99713,             0.99943,             0.99498,             0.89683,            0.010381,            0.015982,          0.00051125,           0.0099728,           0.0099728,           0.0099728
                  58,            0.013169,            0.018299,           0.0014808,             0.99999,                   1,               0.995,             0.88757,             0.01231,            0.017275,          0.00041311,           0.0099718,           0.0099718,           0.0099718
                  59,            0.013503,            0.018013,           0.0014976,             0.99945,             0.99916,               0.995,             0.87859,            0.012521,            0.018412,          0.00048057,           0.0099709,           0.0099709,           0.0099709
                  60,            0.015438,            0.018693,           0.0017274,             0.99915,             0.99942,             0.99498,             0.91032,            0.010327,            0.015935,          0.00056466,           0.0099698,           0.0099698,           0.0099698
                  61,            0.014271,            0.019099,           0.0015045,             0.99915,             0.99943,               0.995,               0.902,            0.010462,            0.016854,          0.00046341,           0.0099688,           0.0099688,           0.0099688
                  62,            0.012651,            0.017007,           0.0014357,             0.99774,              0.9983,               0.995,             0.89207,            0.011091,            0.017628,          0.00048952,           0.0099678,           0.0099678,           0.0099678
                  63,            0.013904,            0.017876,           0.0014017,             0.99994,                   1,               0.995,             0.90517,            0.010535,            0.016863,          0.00033664,           0.0099667,           0.0099667,           0.0099667
                  64,              0.0132,            0.018244,             0.00131,             0.99933,                   1,               0.995,             0.90483,             0.01027,            0.017163,          0.00040374,           0.0099656,           0.0099656,           0.0099656
                  65,             0.01169,            0.016057,           0.0013622,             0.99909,             0.99943,             0.99497,             0.89258,            0.011333,             0.01768,          0.00054116,           0.0099645,           0.0099645,           0.0099645
                  66,             0.01353,            0.017826,           0.0012499,             0.99894,             0.99943,             0.99497,             0.87661,            0.012221,            0.018985,          0.00055304,           0.0099634,           0.0099634,           0.0099634
                  67,            0.013752,            0.016817,           0.0013223,             0.99899,             0.99943,             0.99498,              0.8871,            0.011981,            0.017764,          0.00052593,           0.0099623,           0.0099623,           0.0099623
                  68,            0.011906,            0.016701,           0.0012774,             0.99898,             0.99943,               0.995,             0.91526,           0.0099574,            0.015912,           0.0004659,           0.0099611,           0.0099611,           0.0099611
                  69,             0.01301,            0.017494,           0.0012289,             0.99986,                   1,               0.995,             0.90594,            0.010154,            0.017021,           0.0003643,           0.0099599,           0.0099599,           0.0099599
                  70,            0.013386,             0.01889,           0.0011995,             0.99975,                   1,               0.995,              0.8914,             0.01123,            0.018313,          0.00039886,           0.0099588,           0.0099588,           0.0099588
                  71,            0.012425,            0.017774,           0.0014209,             0.99976,                   1,               0.995,             0.90919,            0.010704,             0.01649,          0.00043955,           0.0099576,           0.0099576,           0.0099576
                  72,            0.014497,            0.018602,           0.0012308,             0.99959,             0.99943,               0.995,              0.8851,            0.012832,            0.018657,          0.00045884,           0.0099563,           0.0099563,           0.0099563
                  73,            0.014926,            0.018453,           0.0013566,             0.99816,             0.99886,             0.99497,             0.91663,           0.0098314,              0.0161,          0.00056811,           0.0099551,           0.0099551,           0.0099551
                  74,             0.01163,            0.017164,           0.0011045,             0.99857,                   1,               0.995,             0.91099,            0.010177,            0.016808,          0.00040239,           0.0099539,           0.0099539,           0.0099539
                  75,            0.012971,            0.017543,           0.0014823,             0.99933,             0.99859,             0.99499,             0.91733,            0.010137,            0.014747,          0.00039723,           0.0099526,           0.0099526,           0.0099526
                  76,            0.014689,            0.020055,           0.0012932,             0.99982,             0.99999,               0.995,             0.91603,           0.0095193,              0.0163,           0.0003514,           0.0099513,           0.0099513,           0.0099513
                  77,            0.012156,            0.017456,           0.0016029,              0.9979,             0.99943,             0.99495,             0.91447,            0.010425,            0.016395,           0.0004604,             0.00995,             0.00995,             0.00995
                  78,            0.013625,            0.017983,           0.0020715,              0.9994,             0.99691,             0.99499,             0.90264,            0.010803,             0.01741,          0.00058769,           0.0099487,           0.0099487,           0.0099487
                  79,            0.014285,            0.018545,             0.00235,             0.99916,             0.99791,               0.995,             0.90955,            0.010728,            0.016422,          0.00073944,           0.0099473,           0.0099473,           0.0099473
                  80,            0.014856,            0.019641,           0.0018436,             0.99958,             0.99886,               0.995,              0.9208,           0.0094696,            0.015352,          0.00068865,            0.009946,            0.009946,            0.009946
                  81,            0.012512,            0.017109,           0.0020841,             0.99886,             0.99832,             0.99494,             0.89215,            0.011196,            0.017248,           0.0006712,           0.0099446,           0.0099446,           0.0099446
                  82,            0.013782,            0.018437,              0.0015,             0.99971,                   1,               0.995,             0.88949,            0.011309,            0.018009,          0.00042538,           0.0099432,           0.0099432,           0.0099432
                  83,            0.014539,            0.019333,           0.0013676,             0.99989,                   1,               0.995,             0.90467,            0.010053,            0.016462,          0.00036728,           0.0099418,           0.0099418,           0.0099418
                  84,            0.012354,            0.017911,           0.0014003,             0.99898,             0.99943,             0.99497,             0.91787,             0.01055,            0.016229,          0.00048353,           0.0099404,           0.0099404,           0.0099404
                  85,             0.01311,            0.017356,           0.0016289,             0.99986,                   1,               0.995,             0.91283,           0.0094699,            0.015304,          0.00043339,           0.0099389,           0.0099389,           0.0099389
                  86,            0.013854,            0.018358,           0.0015224,             0.99991,                   1,               0.995,             0.90132,            0.010332,            0.015939,          0.00053757,           0.0099375,           0.0099375,           0.0099375
                  87,            0.011706,            0.016903,           0.0014017,              0.9999,                   1,               0.995,             0.89943,            0.010867,             0.01617,          0.00048607,            0.009936,            0.009936,            0.009936
                  88,            0.014176,            0.018069,           0.0013965,             0.99994,                   1,               0.995,             0.88872,            0.011642,            0.017227,          0.00043102,           0.0099345,           0.0099345,           0.0099345
                  89,             0.01479,            0.018469,           0.0011259,             0.99992,                   1,               0.995,             0.88879,            0.011557,            0.018292,          0.00037174,            0.009933,            0.009933,            0.009933
                  90,            0.012494,            0.018129,           0.0013629,             0.99992,                   1,               0.995,             0.89524,            0.011167,            0.016979,          0.00031135,           0.0099315,           0.0099315,           0.0099315
                  91,             0.01348,            0.017902,           0.0012264,             0.99992,                   1,               0.995,             0.89656,            0.010989,            0.016781,          0.00030845,           0.0099299,           0.0099299,           0.0099299
                  92,            0.013094,            0.018526,           0.0014487,             0.99862,             0.99943,               0.995,             0.89845,            0.011096,            0.017967,          0.00038765,           0.0099284,           0.0099284,           0.0099284
                  93,            0.011635,             0.01644,           0.0015169,             0.99887,             0.99943,               0.995,             0.90684,            0.010628,            0.017087,          0.00047645,           0.0099268,           0.0099268,           0.0099268
                  94,            0.011508,            0.016619,           0.0011383,             0.99966,                   1,               0.995,              0.9077,            0.010006,            0.016068,          0.00043961,           0.0099252,           0.0099252,           0.0099252
                  95,            0.012859,            0.018428,            0.001275,             0.99921,             0.99943,               0.995,              0.9076,           0.0099852,             0.01715,          0.00049126,           0.0099236,           0.0099236,           0.0099236
                  96,            0.012035,            0.017117,           0.0015482,             0.99903,             0.99943,               0.995,             0.91062,            0.010681,            0.016178,           0.0005207,           0.0099219,           0.0099219,           0.0099219
                  97,            0.012421,            0.017571,           0.0012022,             0.99995,                   1,               0.995,             0.91482,           0.0098737,            0.016378,          0.00038089,           0.0099203,           0.0099203,           0.0099203
                  98,            0.013625,            0.017289,           0.0010965,             0.99991,                   1,               0.995,              0.9164,           0.0096675,             0.01613,          0.00037716,           0.0099186,           0.0099186,           0.0099186
                  99,            0.012659,             0.01719,           0.0015299,             0.99973,                   1,               0.995,             0.92946,           0.0090373,            0.014665,          0.00039117,           0.0099169,           0.0099169,           0.0099169
                 100,             0.01215,            0.018362,            0.001268,              0.9998,                   1,               0.995,             0.90586,            0.010613,            0.018079,          0.00041666,           0.0099152,           0.0099152,           0.0099152
                 101,            0.013784,            0.017246,           0.0011013,             0.99984,                   1,               0.995,             0.91848,            0.009714,             0.01559,          0.00038303,           0.0099135,           0.0099135,           0.0099135
                 102,            0.014201,            0.018206,          0.00097034,             0.99987,                   1,               0.995,             0.90785,            0.010097,             0.01553,          0.00036023,           0.0099118,           0.0099118,           0.0099118
                 103,            0.013205,            0.017221,           0.0012663,             0.99988,                   1,               0.995,             0.92072,           0.0094934,            0.016264,          0.00033636,           0.0099101,           0.0099101,           0.0099101
                 104,            0.013596,             0.01809,          0.00097459,             0.99989,                   1,               0.995,             0.91202,           0.0097338,            0.016103,          0.00034594,           0.0099083,           0.0099083,           0.0099083
                 105,            0.014834,            0.017593,           0.0010739,             0.99987,                   1,               0.995,             0.91309,           0.0098939,            0.016284,          0.00035468,           0.0099065,           0.0099065,           0.0099065
                 106,            0.012522,            0.017169,           0.0010868,             0.99995,                   1,               0.995,             0.91357,           0.0098705,            0.015752,          0.00031804,           0.0099047,           0.0099047,           0.0099047
                 107,             0.01343,            0.017954,           0.0013022,             0.99989,                   1,               0.995,             0.91567,            0.010028,            0.015501,           0.0003454,           0.0099029,           0.0099029,           0.0099029
                 108,            0.014152,            0.017713,           0.0013529,             0.99905,             0.99943,               0.995,             0.91968,           0.0091795,            0.015331,          0.00039614,           0.0099011,           0.0099011,           0.0099011
                 109,            0.012551,            0.016582,           0.0012819,             0.99933,             0.99916,               0.995,             0.92302,           0.0094501,            0.015386,          0.00038273,           0.0098992,           0.0098992,           0.0098992
                 110,            0.011743,            0.017247,           0.0014052,             0.99966,                   1,               0.995,             0.93697,           0.0084738,            0.014146,          0.00033084,           0.0098973,           0.0098973,           0.0098973
                 111,            0.012732,            0.017954,           0.0010818,             0.99973,                   1,               0.995,             0.93292,           0.0087884,            0.013957,          0.00033895,           0.0098954,           0.0098954,           0.0098954
                 112,            0.012223,            0.017842,           0.0014405,             0.99977,                   1,               0.995,              0.9271,            0.008541,            0.014427,          0.00043201,           0.0098935,           0.0098935,           0.0098935
                 113,            0.013182,            0.017924,           0.0015017,             0.99944,                   1,               0.995,              0.8921,            0.011579,            0.016841,          0.00048813,           0.0098916,           0.0098916,           0.0098916
                 114,            0.014192,            0.017912,           0.0011423,             0.99998,                   1,               0.995,             0.91059,            0.010686,            0.016814,          0.00046071,           0.0098897,           0.0098897,           0.0098897
                 115,            0.013594,            0.018335,            0.001132,             0.99989,                   1,               0.995,              0.9124,           0.0099267,            0.015458,          0.00038568,           0.0098877,           0.0098877,           0.0098877
                 116,            0.012373,            0.016365,           0.0014542,             0.99985,                   1,               0.995,             0.91891,            0.010032,            0.015677,          0.00032524,           0.0098858,           0.0098858,           0.0098858
                 117,            0.013732,            0.017494,           0.0010641,             0.99984,                   1,               0.995,             0.92232,           0.0093362,            0.015215,          0.00030971,           0.0098838,           0.0098838,           0.0098838
                 118,            0.013909,            0.017927,           0.0014416,             0.99975,                   1,               0.995,             0.91738,           0.0095898,             0.01557,          0.00031713,           0.0098818,           0.0098818,           0.0098818
                 119,            0.013084,            0.017998,           0.0013114,             0.99905,             0.99943,               0.995,             0.91308,           0.0097565,            0.015373,          0.00038116,           0.0098798,           0.0098798,           0.0098798
                 120,            0.012714,            0.016792,           0.0012078,             0.99989,                   1,               0.995,             0.91931,           0.0093832,            0.015445,           0.0003171,           0.0098777,           0.0098777,           0.0098777
                 121,            0.013523,            0.017466,           0.0013611,             0.99989,                   1,               0.995,             0.91693,           0.0099384,            0.015381,          0.00032672,           0.0098757,           0.0098757,           0.0098757
                 122,            0.012957,            0.017348,           0.0011788,             0.99995,                   1,               0.995,             0.92172,            0.009842,             0.01533,           0.0003789,           0.0098736,           0.0098736,           0.0098736
                 123,            0.012808,            0.016818,           0.0011989,             0.99986,                   1,               0.995,             0.92301,           0.0092583,            0.014521,          0.00040892,           0.0098715,           0.0098715,           0.0098715
                 124,            0.014217,            0.017663,           0.0012745,             0.99984,                   1,               0.995,             0.90946,            0.010461,            0.016482,          0.00042878,           0.0098694,           0.0098694,           0.0098694
                 125,            0.013625,            0.017737,           0.0010637,             0.99986,                   1,               0.995,             0.92482,           0.0090975,            0.015484,          0.00038437,           0.0098673,           0.0098673,           0.0098673
                 126,            0.012181,            0.016896,           0.0012846,             0.99981,                   1,               0.995,             0.92577,           0.0089552,            0.015361,          0.00032961,           0.0098651,           0.0098651,           0.0098651
                 127,            0.013584,            0.018791,           0.0017016,             0.99961,                   1,               0.995,             0.90527,           0.0096978,            0.015784,           0.0003643,            0.009863,            0.009863,            0.009863
                 128,            0.013346,            0.017704,           0.0011235,             0.99973,             0.99999,               0.995,             0.92437,           0.0091211,            0.015536,          0.00038664,           0.0098608,           0.0098608,           0.0098608
                 129,            0.012225,             0.01642,           0.0016432,             0.99979,                   1,               0.995,             0.90661,            0.010206,            0.016035,          0.00042405,           0.0098586,           0.0098586,           0.0098586
                 130,             0.01369,            0.018047,           0.0012464,              0.9997,                   1,               0.995,             0.90819,            0.010602,            0.016314,           0.0004395,           0.0098564,           0.0098564,           0.0098564
                 131,            0.013897,            0.017416,           0.0014312,             0.99989,                   1,               0.995,             0.90448,            0.010234,            0.015947,          0.00043242,           0.0098542,           0.0098542,           0.0098542
                 132,            0.011341,            0.017157,           0.0011543,             0.99992,                   1,               0.995,             0.92922,           0.0087824,            0.014748,          0.00034576,            0.009852,            0.009852,            0.009852
                 133,            0.012445,            0.017011,          0.00074521,             0.99989,                   1,               0.995,             0.91596,           0.0096856,            0.015431,          0.00032696,           0.0098497,           0.0098497,           0.0098497
                 134,            0.012875,            0.017664,          0.00091117,             0.99986,                   1,               0.995,             0.91537,             0.01016,             0.01552,          0.00036894,           0.0098474,           0.0098474,           0.0098474
                 135,            0.011446,            0.016364,           0.0012229,             0.99987,                   1,               0.995,             0.92255,           0.0091987,            0.015292,          0.00044559,           0.0098451,           0.0098451,           0.0098451
                 136,            0.012735,            0.016969,          0.00097951,             0.99987,                   1,               0.995,             0.91977,           0.0096053,            0.015861,          0.00046559,           0.0098428,           0.0098428,           0.0098428
                 137,             0.01393,            0.017255,           0.0011441,             0.99991,                   1,               0.995,             0.91349,            0.010056,            0.015508,           0.0004289,           0.0098405,           0.0098405,           0.0098405
                 138,            0.012083,            0.016573,           0.0013737,             0.99898,                   1,               0.995,             0.91102,            0.010042,            0.015938,          0.00041417,           0.0098382,           0.0098382,           0.0098382
                 139,            0.011823,            0.016595,           0.0011548,             0.99934,                   1,               0.995,              0.9163,            0.010079,            0.016228,           0.0003606,           0.0098358,           0.0098358,           0.0098358
                 140,            0.012937,            0.016883,           0.0011233,             0.99985,                   1,               0.995,             0.92419,           0.0091515,            0.015867,          0.00036303,           0.0098334,           0.0098334,           0.0098334
                 141,            0.011903,            0.016567,          0.00099196,              0.9999,                   1,               0.995,             0.90269,            0.010177,            0.015999,          0.00038402,            0.009831,            0.009831,            0.009831
                 142,            0.012447,            0.017068,           0.0010738,              0.9999,                   1,               0.995,             0.90737,             0.01048,            0.017237,          0.00039433,           0.0098286,           0.0098286,           0.0098286
                 143,            0.014663,             0.01809,          0.00097662,             0.99898,             0.99943,               0.995,             0.90272,            0.010332,              0.0164,           0.0004638,           0.0098262,           0.0098262,           0.0098262
                 144,            0.013236,            0.017266,           0.0010479,             0.99985,                   1,               0.995,             0.92294,           0.0099355,            0.015527,          0.00037677,           0.0098238,           0.0098238,           0.0098238
                 145,            0.012204,            0.016897,             0.00108,             0.99989,                   1,               0.995,             0.91594,           0.0094363,            0.015183,          0.00032401,           0.0098213,           0.0098213,           0.0098213
                 146,            0.013861,            0.017146,          0.00087564,             0.99988,                   1,               0.995,             0.92196,           0.0097154,            0.015551,          0.00033025,           0.0098188,           0.0098188,           0.0098188
                 147,            0.014076,            0.017033,           0.0010475,              0.9999,                   1,               0.995,             0.92315,           0.0091441,            0.015727,          0.00036087,           0.0098164,           0.0098164,           0.0098164
                 148,            0.011515,            0.015887,          0.00097755,             0.99967,             0.99999,               0.995,             0.90664,           0.0098236,            0.017076,          0.00038585,           0.0098139,           0.0098139,           0.0098139
                 149,            0.013007,            0.016757,          0.00090856,             0.99992,                   1,               0.995,               0.913,            0.009152,            0.014923,          0.00039707,           0.0098113,           0.0098113,           0.0098113
                 150,            0.013223,            0.017883,          0.00092767,             0.99991,                   1,               0.995,             0.93355,           0.0084045,            0.014323,          0.00046412,           0.0098088,           0.0098088,           0.0098088
                 151,            0.011376,            0.017034,           0.0012091,             0.99988,                   1,               0.995,             0.95008,            0.007753,            0.013102,          0.00046824,           0.0098062,           0.0098062,           0.0098062
                 152,            0.010926,            0.015173,           0.0010546,             0.99991,                   1,               0.995,             0.93249,            0.008529,            0.015131,          0.00044426,           0.0098037,           0.0098037,           0.0098037
                 153,             0.01348,            0.018763,           0.0009757,             0.99988,                   1,               0.995,             0.93072,           0.0085878,            0.015262,          0.00038897,           0.0098011,           0.0098011,           0.0098011
                 154,            0.011714,            0.016576,           0.0010562,             0.99872,             0.99832,             0.99444,             0.91731,           0.0092443,            0.015778,          0.00060254,           0.0097985,           0.0097985,           0.0097985
                 155,            0.012243,            0.017353,           0.0010235,             0.99937,             0.99916,             0.99459,             0.92189,           0.0093585,            0.016172,          0.00049442,           0.0097958,           0.0097958,           0.0097958
                 156,            0.013552,            0.017985,            0.001261,             0.99871,                   1,               0.995,             0.92621,           0.0087612,            0.015316,          0.00043884,           0.0097932,           0.0097932,           0.0097932
                 157,            0.012303,            0.017162,           0.0010356,             0.99816,             0.99886,               0.995,             0.92303,           0.0092482,            0.015935,          0.00061571,           0.0097905,           0.0097905,           0.0097905
                 158,            0.012481,              0.0174,           0.0011082,               0.999,             0.99943,               0.995,             0.92982,           0.0089721,            0.015105,          0.00051468,           0.0097879,           0.0097879,           0.0097879
                 159,            0.014988,            0.018996,           0.0014379,             0.99866,             0.99916,               0.995,             0.93099,           0.0086387,            0.014861,          0.00050098,           0.0097852,           0.0097852,           0.0097852
                 160,            0.012523,            0.016928,           0.0011301,             0.99909,             0.99916,               0.995,             0.92585,           0.0089316,            0.014758,          0.00044208,           0.0097825,           0.0097825,           0.0097825
                 161,            0.013284,            0.018295,           0.0010454,             0.99819,             0.99916,               0.995,             0.91283,           0.0094426,            0.016107,          0.00044714,           0.0097798,           0.0097798,           0.0097798
                 162,            0.013983,            0.017202,           0.0010413,             0.99869,                   1,               0.995,             0.90576,            0.010268,            0.016322,          0.00039289,            0.009777,            0.009777,            0.009777
                 163,            0.012945,            0.016756,            0.001092,              0.9991,             0.99943,               0.995,             0.93396,           0.0086074,             0.01469,           0.0004156,           0.0097743,           0.0097743,           0.0097743
                 164,            0.011892,            0.016515,           0.0010839,             0.99943,             0.99929,               0.995,             0.91734,           0.0096631,            0.016338,           0.0003839,           0.0097715,           0.0097715,           0.0097715
                 165,            0.013581,            0.017414,           0.0011027,                   1,             0.99946,               0.995,             0.92754,           0.0088302,            0.015246,          0.00035488,           0.0097687,           0.0097687,           0.0097687
                 166,            0.013671,            0.018142,           0.0010747,             0.99999,                   1,               0.995,              0.9254,           0.0086987,            0.015883,          0.00035396,           0.0097659,           0.0097659,           0.0097659
                 167,             0.01219,            0.016572,           0.0012012,             0.99991,                   1,               0.995,             0.92047,            0.009481,            0.015198,          0.00032665,           0.0097631,           0.0097631,           0.0097631
                 168,            0.013327,            0.017117,           0.0010168,             0.99994,                   1,               0.995,             0.92439,           0.0096879,            0.015862,          0.00032311,           0.0097602,           0.0097602,           0.0097602
                 169,            0.013187,            0.017102,           0.0013501,             0.99993,                   1,               0.995,             0.92521,           0.0087962,            0.015271,          0.00043682,           0.0097574,           0.0097574,           0.0097574
                 170,            0.011735,            0.015338,           0.0013186,             0.99995,             0.99859,               0.995,             0.91959,           0.0090696,            0.015774,          0.00054537,           0.0097545,           0.0097545,           0.0097545
                 171,            0.012138,            0.016455,           0.0012895,              0.9997,                   1,               0.995,              0.9226,           0.0089838,            0.015576,          0.00049531,           0.0097516,           0.0097516,           0.0097516
                 172,            0.012614,            0.017222,            0.001197,             0.99976,                   1,               0.995,             0.92381,           0.0086883,            0.015123,          0.00042931,           0.0097487,           0.0097487,           0.0097487
                 173,            0.011473,            0.015868,           0.0012826,              0.9998,                   1,               0.995,             0.92466,           0.0086805,            0.014383,          0.00035606,           0.0097458,           0.0097458,           0.0097458
                 174,            0.011289,            0.016019,            0.001157,             0.99992,                   1,               0.995,             0.93013,           0.0085096,             0.01443,          0.00036532,           0.0097429,           0.0097429,           0.0097429
                 175,            0.013771,            0.019109,            0.001293,              0.9999,                   1,               0.995,             0.92244,           0.0089633,            0.016219,          0.00036972,           0.0097399,           0.0097399,           0.0097399
                 176,            0.013408,            0.016772,           0.0014501,             0.99882,             0.99943,               0.995,              0.9276,           0.0091676,            0.015732,          0.00047717,           0.0097369,           0.0097369,           0.0097369
                 177,            0.011511,            0.016891,            0.001267,             0.99956,                   1,               0.995,             0.92589,           0.0089558,            0.014778,           0.0004654,            0.009734,            0.009734,            0.009734
                 178,            0.013024,            0.017307,           0.0016027,             0.99975,                   1,               0.995,             0.91913,           0.0092868,            0.015135,          0.00045825,            0.009731,            0.009731,            0.009731
                 179,            0.013535,            0.017356,           0.0013489,             0.99916,             0.99775,               0.995,             0.91882,           0.0095945,            0.015454,          0.00057701,           0.0097279,           0.0097279,           0.0097279
                 180,            0.011172,            0.016257,           0.0017312,             0.99936,             0.99916,             0.99499,             0.94212,           0.0083129,            0.013558,          0.00046772,           0.0097249,           0.0097249,           0.0097249
                 181,            0.013676,            0.017172,           0.0015466,             0.99933,             0.99916,             0.99499,              0.9181,           0.0091606,            0.015297,            0.000437,           0.0097219,           0.0097219,           0.0097219
                 182,            0.013505,            0.017961,           0.0014628,             0.99898,                   1,             0.99499,             0.92632,           0.0087593,            0.015055,          0.00045041,           0.0097188,           0.0097188,           0.0097188
                 183,             0.01157,            0.016423,           0.0013711,             0.99996,                   1,               0.995,             0.93465,           0.0088061,             0.01443,           0.0003644,           0.0097157,           0.0097157,           0.0097157
                 184,            0.012318,            0.016872,           0.0011744,             0.99999,                   1,               0.995,             0.93538,           0.0088632,            0.013943,          0.00038638,           0.0097126,           0.0097126,           0.0097126
                 185,            0.012345,            0.016406,           0.0013118,             0.99993,                   1,               0.995,             0.92142,           0.0091063,            0.014651,          0.00049417,           0.0097095,           0.0097095,           0.0097095
                 186,            0.011868,            0.016762,           0.0016269,             0.99989,                   1,               0.995,             0.92643,           0.0086839,            0.014919,          0.00055554,           0.0097064,           0.0097064,           0.0097064
                 187,            0.012065,             0.01718,           0.0013522,             0.99909,             0.99943,             0.99495,             0.93021,           0.0084194,             0.01437,          0.00057006,           0.0097032,           0.0097032,           0.0097032
                 188,            0.013378,            0.016823,           0.0014221,             0.99992,                   1,               0.995,             0.93143,           0.0085497,            0.014864,          0.00043808,           0.0097001,           0.0097001,           0.0097001
                 189,            0.012992,            0.017324,           0.0013254,             0.99935,             0.99916,               0.995,             0.92524,           0.0089805,             0.01551,          0.00046549,           0.0096969,           0.0096969,           0.0096969
                 190,            0.012799,            0.017125,          0.00099434,                   1,              0.9994,               0.995,             0.92929,           0.0084418,            0.014296,          0.00037322,           0.0096937,           0.0096937,           0.0096937
                 191,            0.014072,            0.017931,           0.0010372,             0.99991,                   1,               0.995,             0.92281,           0.0090836,            0.014701,          0.00031086,           0.0096905,           0.0096905,           0.0096905
                 192,            0.013622,            0.017382,             0.00122,             0.99994,                   1,               0.995,             0.93748,           0.0085995,            0.014181,          0.00030788,           0.0096872,           0.0096872,           0.0096872
                 193,            0.011991,            0.016572,           0.0011686,             0.99996,                   1,               0.995,             0.93832,           0.0093555,              0.0145,          0.00032172,            0.009684,            0.009684,            0.009684
                 194,            0.013269,            0.016736,           0.0011559,              0.9999,                   1,               0.995,             0.92161,           0.0091709,            0.015001,          0.00038539,           0.0096807,           0.0096807,           0.0096807
                 195,            0.012205,            0.017165,           0.0012667,             0.99987,                   1,               0.995,             0.92687,           0.0085029,              0.0145,          0.00060003,           0.0096775,           0.0096775,           0.0096775
                 196,            0.010572,            0.015968,           0.0014872,             0.99988,                   1,               0.995,             0.94481,           0.0075194,            0.013396,          0.00062671,           0.0096742,           0.0096742,           0.0096742
                 197,            0.012897,            0.016347,           0.0013699,             0.99997,                   1,               0.995,              0.9322,           0.0086856,            0.014358,          0.00056326,           0.0096709,           0.0096709,           0.0096709
                 198,             0.01359,            0.016631,           0.0011441,             0.99992,                   1,               0.995,               0.925,           0.0092359,            0.015385,          0.00046585,           0.0096675,           0.0096675,           0.0096675
                 199,            0.011645,            0.016558,           0.0011872,             0.99988,                   1,               0.995,             0.91865,           0.0092366,            0.015867,          0.00037011,           0.0096642,           0.0096642,           0.0096642
                 200,            0.012399,            0.016804,          0.00083857,             0.99984,                   1,               0.995,             0.92914,           0.0083051,            0.014519,          0.00033683,           0.0096608,           0.0096608,           0.0096608
                 201,             0.01205,            0.016339,           0.0011458,              0.9999,                   1,               0.995,             0.93077,           0.0089341,            0.015023,          0.00029716,           0.0096575,           0.0096575,           0.0096575
                 202,            0.012806,            0.016226,           0.0011275,             0.99989,                   1,               0.995,             0.92554,           0.0091339,            0.014537,          0.00031782,           0.0096541,           0.0096541,           0.0096541
                 203,            0.011401,            0.015542,           0.0010663,             0.99878,             0.99943,               0.995,             0.93065,           0.0089534,            0.015183,          0.00042314,           0.0096507,           0.0096507,           0.0096507
                 204,            0.012389,            0.016591,           0.0014497,             0.99996,                   1,               0.995,             0.93185,           0.0082852,            0.014785,          0.00042701,           0.0096472,           0.0096472,           0.0096472
                 205,            0.012297,            0.016091,           0.0010466,             0.99994,                   1,               0.995,             0.92179,           0.0088825,            0.014884,          0.00043626,           0.0096438,           0.0096438,           0.0096438
                 206,            0.012417,            0.016312,           0.0013396,             0.99976,                   1,               0.995,             0.92951,           0.0088062,            0.015514,          0.00038824,           0.0096404,           0.0096404,           0.0096404
                 207,            0.013478,            0.017413,           0.0011117,              0.9999,                   1,               0.995,             0.93947,           0.0077814,            0.013704,          0.00036487,           0.0096369,           0.0096369,           0.0096369
                 208,            0.012269,            0.017262,           0.0010079,             0.99969,                   1,               0.995,             0.93471,           0.0082915,            0.014639,          0.00034828,           0.0096334,           0.0096334,           0.0096334
                 209,            0.012083,            0.015771,          0.00093192,             0.99893,             0.99999,               0.995,              0.9233,           0.0092937,            0.014865,          0.00035337,           0.0096299,           0.0096299,           0.0096299
                 210,            0.012819,            0.016648,          0.00084815,             0.99979,             0.99943,               0.995,             0.92628,           0.0087631,            0.014691,          0.00044834,           0.0096264,           0.0096264,           0.0096264
                 211,            0.012582,             0.01784,           0.0011197,             0.99988,                   1,               0.995,             0.92814,           0.0087664,            0.014451,          0.00060868,           0.0096228,           0.0096228,           0.0096228
                 212,            0.010607,            0.015171,           0.0010589,             0.99987,                   1,               0.995,             0.93344,           0.0084851,              0.0147,          0.00058202,           0.0096193,           0.0096193,           0.0096193
                 213,             0.01198,             0.01546,           0.0010603,             0.99994,                   1,               0.995,             0.94052,           0.0079038,            0.013808,          0.00049004,           0.0096157,           0.0096157,           0.0096157
                 214,            0.012126,            0.016097,          0.00094319,             0.99988,                   1,               0.995,             0.92288,           0.0089056,            0.016114,          0.00039477,           0.0096122,           0.0096122,           0.0096122
                 215,            0.012383,            0.016091,          0.00093066,             0.99978,                   1,               0.995,             0.93428,           0.0084244,            0.014809,          0.00035095,           0.0096086,           0.0096086,           0.0096086
                 216,             0.01373,            0.016889,           0.0008733,             0.99985,                   1,               0.995,             0.92093,           0.0090631,            0.015025,          0.00032029,           0.0096049,           0.0096049,           0.0096049
                 217,            0.013151,            0.017008,          0.00069778,             0.99986,                   1,               0.995,             0.93792,           0.0081822,             0.01415,          0.00030527,           0.0096013,           0.0096013,           0.0096013
                 218,            0.012594,            0.016384,          0.00086506,             0.99842,             0.99886,             0.99492,             0.93982,           0.0084632,            0.014669,          0.00042725,           0.0095977,           0.0095977,           0.0095977
                 219,            0.012016,            0.015957,          0.00097388,             0.99985,                   1,               0.995,             0.93223,           0.0083981,            0.015019,          0.00035038,            0.009594,            0.009594,            0.009594
                 220,            0.012261,            0.016224,          0.00087462,                   1,             0.99937,               0.995,             0.93797,           0.0082666,            0.014418,          0.00048999,           0.0095903,           0.0095903,           0.0095903
                 221,            0.011672,            0.015519,           0.0011826,             0.99983,                   1,               0.995,             0.93729,           0.0082767,            0.014331,          0.00056939,           0.0095866,           0.0095866,           0.0095866
                 222,            0.011563,            0.015295,           0.0010233,              0.9998,                   1,               0.995,             0.92675,           0.0087747,            0.014985,          0.00055761,           0.0095829,           0.0095829,           0.0095829
                 223,            0.013008,             0.01649,           0.0010066,             0.99978,                   1,               0.995,             0.93486,           0.0081976,            0.014387,          0.00050033,           0.0095792,           0.0095792,           0.0095792
                 224,            0.011646,            0.016299,          0.00085463,              0.9998,                   1,               0.995,              0.9303,           0.0087928,             0.01521,          0.00041232,           0.0095755,           0.0095755,           0.0095755
                 225,            0.011275,            0.015632,           0.0011845,             0.99983,                   1,               0.995,             0.93797,           0.0081622,            0.014948,          0.00034187,           0.0095717,           0.0095717,           0.0095717
                 226,            0.013948,            0.017548,          0.00084169,             0.99987,                   1,               0.995,             0.94036,           0.0080193,            0.013678,          0.00033198,            0.009568,            0.009568,            0.009568
                 227,            0.012814,            0.016828,           0.0010677,             0.99984,                   1,               0.995,             0.92854,           0.0085418,            0.015263,          0.00031688,           0.0095642,           0.0095642,           0.0095642
                 228,            0.011206,             0.01613,           0.0010576,             0.99988,                   1,               0.995,             0.93664,           0.0084421,            0.014501,          0.00029406,           0.0095604,           0.0095604,           0.0095604
                 229,            0.012949,            0.016538,          0.00080642,             0.99988,                   1,               0.995,             0.93234,           0.0084719,            0.014526,          0.00033052,           0.0095565,           0.0095565,           0.0095565
                 230,            0.012237,            0.016308,          0.00080118,              0.9999,                   1,               0.995,             0.92771,           0.0085406,            0.014851,          0.00045802,           0.0095527,           0.0095527,           0.0095527
                 231,            0.010604,            0.016012,           0.0011712,             0.99998,                   1,               0.995,             0.93063,            0.008397,            0.014921,          0.00054724,           0.0095489,           0.0095489,           0.0095489
                 232,            0.011758,             0.01598,          0.00097476,             0.99943,             0.99972,               0.995,             0.92665,           0.0086639,            0.015368,          0.00057659,            0.009545,            0.009545,            0.009545
                 233,            0.012567,            0.016761,           0.0012558,              0.9994,             0.99916,               0.995,             0.93256,            0.008388,            0.014902,          0.00058353,           0.0095411,           0.0095411,           0.0095411
                 234,            0.010481,            0.015135,           0.0012521,             0.99802,             0.99973,               0.995,             0.93031,           0.0085702,            0.015051,          0.00053042,           0.0095372,           0.0095372,           0.0095372
                 235,            0.011602,            0.016121,           0.0010057,             0.99994,                   1,               0.995,             0.91632,           0.0089674,            0.015423,          0.00039062,           0.0095333,           0.0095333,           0.0095333
                 236,            0.013275,            0.016467,          0.00094324,             0.99988,                   1,               0.995,             0.92198,           0.0086558,            0.015173,          0.00034575,           0.0095294,           0.0095294,           0.0095294
                 237,            0.010817,            0.015627,          0.00090439,             0.99987,                   1,               0.995,             0.93906,           0.0086643,            0.014631,          0.00030912,           0.0095255,           0.0095255,           0.0095255
                 238,            0.011867,             0.01589,           0.0010562,             0.99987,                   1,               0.995,             0.93414,           0.0084804,            0.014509,          0.00030483,           0.0095215,           0.0095215,           0.0095215
                 239,            0.012529,            0.016269,          0.00087822,             0.99987,                   1,               0.995,             0.93614,           0.0081892,            0.014016,          0.00035959,           0.0095175,           0.0095175,           0.0095175
                 240,            0.011987,            0.016719,          0.00089185,              0.9999,                   1,               0.995,             0.91687,           0.0098297,            0.016064,          0.00047616,           0.0095135,           0.0095135,           0.0095135
                 241,            0.010915,            0.015889,            0.001053,             0.99993,                   1,               0.995,             0.93651,           0.0078559,            0.014016,          0.00051345,           0.0095095,           0.0095095,           0.0095095
                 242,            0.013402,            0.017487,           0.0010216,             0.99993,                   1,               0.995,             0.92816,             0.00883,            0.014031,          0.00048293,           0.0095055,           0.0095055,           0.0095055
                 243,              0.0141,            0.017743,           0.0010422,             0.99992,                   1,               0.995,             0.92584,           0.0088959,             0.01442,          0.00043188,           0.0095015,           0.0095015,           0.0095015
                 244,            0.011807,            0.016111,           0.0011588,             0.99991,                   1,               0.995,             0.93422,           0.0082623,            0.014603,          0.00040268,           0.0094974,           0.0094974,           0.0094974
                 245,            0.011514,             0.01528,          0.00087616,             0.99995,                   1,               0.995,             0.94061,           0.0079591,            0.014325,          0.00039171,           0.0094934,           0.0094934,           0.0094934
                 246,            0.012416,            0.016073,           0.0010126,             0.99986,                   1,               0.995,             0.94084,           0.0081126,            0.013776,          0.00041397,           0.0094893,           0.0094893,           0.0094893
                 247,            0.011053,            0.015218,          0.00084126,             0.99988,                   1,               0.995,             0.94498,           0.0074665,            0.013523,          0.00042535,           0.0094852,           0.0094852,           0.0094852
                 248,            0.012393,            0.016505,          0.00089799,              0.9999,                   1,               0.995,             0.93126,           0.0082078,            0.013904,          0.00044063,           0.0094811,           0.0094811,           0.0094811
                 249,            0.013297,             0.01727,          0.00090521,             0.99988,                   1,               0.995,              0.9407,           0.0079161,            0.013545,          0.00044595,           0.0094769,           0.0094769,           0.0094769
                 250,             0.01071,            0.015565,          0.00084764,             0.99994,                   1,               0.995,              0.9358,           0.0081837,             0.01418,          0.00039541,           0.0094728,           0.0094728,           0.0094728
                 251,            0.012547,            0.015684,          0.00091715,             0.99997,                   1,               0.995,             0.94171,           0.0079864,            0.014034,          0.00036483,           0.0094686,           0.0094686,           0.0094686
